finding_id,title,category,severity,requirement,location,role,preconditions,steps_to_reproduce,expected_result,actual_result,status,evidence,impact,suggested_fix_direction
"QA-001","Protected CMS page loading is shadowed by the public slug route","CMS / Functional","High","REQ-074; REQ-075; REQ-076; REQ-080; REQ-082; REQ-138","GET /api/cms/pages/{page}; routes/api.php; CmsEditorPage","Power Admin","Verified Power Admin and an existing CMS page","1) List pages; 2) note numeric ID; 3) GET /api/cms/pages/1; 4) select page in UI","Protected controller returns editable page and sections","Earlier public slug route handles numeric ID and returns 404; editor cannot load","Reproducible","List 200; item 404; both /1 and /home resolve to PublicCmsController@show","Central CMS workflow is blocked","Separate or constrain public/protected routes and add route plus E2E tests"
"QA-002","Power Admin visual edit mode omits most required editing capabilities","CMS / Functional / UX","High","REQ-065 through REQ-073; REQ-077 through REQ-084","Public edit toggle; /staff/cms; CmsEditorPage","Power Admin","Verified Power Admin","1) Activate Edit site; 2) try inline selection; 3) open CMS; 4) inspect editing controls","Complete inline rich-text/media/button/menu/page/section/lifecycle/version editing","Toggle only opens links; editor has limited page/section heading-text operations","Reproducible","App.tsx and CmsEditorPage source plus runtime edit toggle","Principal visual CMS requirement is substantially absent","Implement the complete safe component/editor schema and end-to-end workflows"
"QA-003","Published navigation and theme settings do not affect the public site","CMS / Functional","Medium","REQ-079; REQ-085","CMS settings APIs; App.tsx Layout; app.css","Power Admin / Public","Published navigation or theme setting","1) Inspect settings APIs; 2) inspect Layout/CSS; 3) load public page; 4) compare stored value","Published settings drive public navigation/theme","Layout and colors are hard-coded and public-settings is never fetched","Reproducible","routes/api.php; App.tsx lines 31-36; app.css tokens","Settings can appear published without changing the site","Connect validated published settings to renderer and add guarded management/tests"
"QA-004","Booking API accepts unavailable times and unsupported consultation methods","Functional / Data","High","REQ-036; REQ-041; REQ-094","POST /api/appointment-requests; AppointmentRequestController","Public / Patient","Isolated database with normal rules and service online_available=false","1) POST Saturday 03:00; 2) observe 201; 3) POST Breast Surgery online; 4) observe 201","Submission must match a generated slot and service/method rules","Both invalid requests were accepted","Reproducible","201 refs 9146817e-7939-4c79-8f00-08bbd708e3ce and 92266074-a6d1-41f7-a9fb-6c74d38a37e1","Unavailable or unsupported appointments can be created","Validate through one server-side availability decision at submission"
"QA-005","Potential data-integrity finding: appointment overlap prevention is not concurrency-safe","Data / Functional","High","REQ-044","AppointmentRequestController; AvailabilityService; schema","Public / Patient","Two simultaneous same-slot requests","1) Review transaction; 2) observe exists check; 3) observe unlocked insert; 4) analyze concurrent interleaving","Only one overlapping request can commit","Check-then-insert has a race window and no lock or database interval constraint; no simultaneous exploit was run","Unable to Reproduce","Controller lines 31-36; service lines 47-49; schema; no load exploit attempted","Concurrent requests could double-book despite green sequential tests","Serialize scheduling or enforce database overlap invariant; test on PostgreSQL"
"QA-006","Configured slot length is ignored during availability generation","Functional / Data","Medium","REQ-055; REQ-092","AvailabilityService::slots","Moderator / Admin / Power Admin","Rule slot_minutes differs from duration plus buffer","1) Configure slot_minutes; 2) select differing service; 3) request slots; 4) compare starts","Configured fields have defined scheduling behavior","Step uses duration + buffer; slot_minutes is unused","Reproducible","AvailabilityService line 28; seeded slot_minutes=45","Staff configuration can yield unexpected schedules","Define slot_minutes semantics and implement or remove/rename it"
"QA-007","Declined cancellation requests cannot be resubmitted and display the wrong state","Functional / UX / Data","Medium","REQ-047; REQ-050","Cancellation API; PortalPage Appointments","Patient / Moderator / Admin","Eligible appointment with declined cancellation","1) Request cancellation; 2) decline; 3) resubmit with new reason; 4) refresh","New pending request or clear rule; accurate declined state","Old declined row/reason returned 201; UI says Cancellation requested and hides action","Reproducible","Isolated request id 1 stayed declined; firstOrCreate; PortalPage condition","Patient cannot recover or understand current state","Model repeatable requests or reset declined state and render all decisions"
"QA-008","Rescheduling never records or displays the required Rescheduled state","Functional / Data","Medium","REQ-050; REQ-089","AppointmentWorkflowService::reschedule","Patient / Moderator / Admin","Pending or confirmed appointment","1) Reschedule; 2) retrieve; 3) compare required status; 4) inspect transitions","Moved appointment accurately represents Rescheduled","Method saves status Confirmed; defined Rescheduled status is terminal and unused","Reproducible","Workflow service lines 17-24 and 49-68","Reporting/filtering/audit semantics diverge from requirements","Define event vs durable state and align transitions/API/UI"
"QA-009","Operational calendar is a date-range list rather than the required full calendar","Functional / UI / Mobile","High","REQ-053; REQ-055; REQ-059; REQ-095 through REQ-099; REQ-137","/staff/calendar; StaffCalendarPage","Moderator / Admin / Power Admin","Authenticated staff","1) Open calendar; 2) switch views; 3) inspect agenda/grid/actions/filters; 4) inspect availability UI","Complete responsive day/week/month/agenda calendar with operations and filters","Range buttons change an event list; no agenda/grid/create/edit/drag/filter; recurring rules absent from UI","Reproducible","StaffCalendarPage source","Staff cannot perform promised schedule management","Implement accessible calendar operations/filters with server conflict validation"
"QA-010","Online consultation is a workflow shell with no live media provider","Functional / Privacy","High","REQ-013; REQ-057; REQ-102; REQ-103; REQ-143","Consultation services; UnconfiguredVideoProvider; web/native screens","Patient / Moderator / Admin","Online appointment and consultation","1) Check capabilities; 2) enter workflow; 3) check readiness/room; 4) identify provider","Related users complete a live authenticated consultation","State/signed shell exists but provider is unconfigured and live_video=false","Reproducible","Provider binding; capability response; MASTER_PLAN lines 176-190","Product cannot deliver online consultation","Approve/configure provider adapter and run privacy/access/media/device acceptance"
"QA-011","Unknown and Contact routes silently render the homepage","Functional / UX","Medium","REQ-008; REQ-015; REQ-017","React catch-all; /contact; arbitrary paths","Public","Public browser","1) Open /contact; 2) observe Home; 3) open invalid path; 4) observe Home/200","Contact page for /contact and helpful 404 for invalid path","Both paths render Home without error","Reproducible","IAB route sweep; App.tsx nested wildcard","Broken links are masked and soft 404s can be indexed","Add explicit Contact and dedicated 404 routes"
"QA-012","Required public professional, service, education and publication journeys are incomplete","Content / Functional / UX","Medium","REQ-003 through REQ-011; REQ-059; REQ-107; REQ-108","Public content routes and navigation","Public / Admin","Seeded local application","1) Browse all content routes; 2) seek career/achievements/contact; 3) inspect services/education/publications; 4) open details/DOI","Complete sourced navigable public journeys","Multiple areas missing; CMS Services hides cards; no education/publication detail, sort, pagination, DOI/source links","Reproducible","IAB route sweep and frontend source","Polished surface omits material information and credibility workflows","Complete verified models/routes and test list-filter-detail-link journeys"
"QA-013","Research publishing state can diverge from public publication state","Content / Data / CMS","High","REQ-009; REQ-011; REQ-105; REQ-110","VerificationQueueController; public/academic controllers; schema","Power Admin / Public","Published verified claim","1) Publish; 2) decide rejected; 3) inspect Publication; 4) compare filters","Controlled lifecycle retracts rejected info and all feeds agree","Code permits a published claim to be rejected without record retraction; filters disagree; nullable DOI upsert is unsafe","Unable to Reproduce","Controller/query/schema evidence; publish/reject mutation not run because the charter prohibits publishing content","Rejected/stale content could remain public and records can diverge","Use constrained transactional state machine with explicit retract and stable unique identity"
"QA-014","Seed publications bypass the verification queue and lack bibliographic metadata","Content / Data","Medium","REQ-011; REQ-104; REQ-111","DatabaseSeeder publications and claims","Power Admin","Fresh seeded database","1) Seed; 2) inspect Publications; 3) inspect queue; 4) compare rows","All research seed material is sourced and reviewed before Publication creation","Six title-only Publication rows are inserted directly; matching sourced claims can create more rows","Reproducible","DatabaseSeeder lines 52-71; sampled titles externally verified","Rows are not reviewable through queue and duplicate/incomplete data can result","Seed ResearchClaim only and create Publications in controlled publish transaction"
"QA-015","Required patient, account and role administration is absent","Functional / Authorization / Data","High","REQ-059 through REQ-064; REQ-124","Staff APIs and workspace","Admin / Power Admin","Authenticated administrator","1) Search patient; 2) try create/edit/deactivate; 3) try manage staff; 4) try role change","Authorized patient/account/role management with audit","Only patient search/read context exists; no CRUD/account/role routes or UI","Reproducible","104-route inventory; staff source","Core administration and audit trail cannot be performed","Add minimum-necessary policy-protected admin workflows with re-auth and before/after audit"
"QA-016","Native patient app is read-mostly and omits core required actions","Mobile / Functional","High","REQ-142 through REQ-145","mobile/app; routes/mobile.php; /api/v1","Patient","Authenticated native session","1) Open core screens; 2) try mutations/transfers; 3) seek reminders/devices; 4) inspect v1 routes","Core mobile patient journeys are actionable","Screens are read-only; v1 only reads plus cancellation and disabled push","Reproducible","routes/mobile.php line 7; native screens; MobilePatientController","Android/iOS scope is not fulfilled","Add versioned mutations/native flows with idempotency privacy and device tests"
"QA-017","Native app offers cancellation for server-ineligible appointment states","Mobile / Functional / UX","Medium","REQ-141","mobile/app/appointments.tsx; AppointmentPolicy","Patient","checked_in, in_progress or rescheduled appointment","1) Load appointment; 2) observe cancel button; 3) submit; 4) observe rejection","Only permitted actions are shown","Button appears for multiple ineligible states","Reproducible","Native status exclusion list vs server policy","Predictable failed action in sensitive workflow","Expose and render server-derived allowed actions"
"QA-018","Mobile public navigation toggle is non-functional","Mobile / Functional / Accessibility","High","REQ-002; REQ-134; REQ-135; REQ-139","Public header below 992 px; App.tsx; main.tsx","Public / Patient","Viewport below lg breakpoint","1) Load at 390 px; 2) confirm collapsed links; 3) activate toggle; 4) inspect visibility/state","Menu opens/closes and exposes links with accessible state","#nav remains hidden; class unchanged; aria-expanded absent; Bootstrap JS/state missing","Reproducible","IAB 390 px; App.tsx lines 33-35; main.tsx CSS-only import","Most public navigation is unreachable on phones","Implement controlled React disclosure and test all widths/keyboard/touch"
"QA-019","Form labeling, skip navigation and focus treatment are incomplete","Accessibility / UX","Medium","REQ-128 through REQ-131; REQ-133","Auth booking portal staff CMS and academic forms; app.css","All roles","Keyboard or assistive-technology user","1) Inspect sign-in names; 2) tab for skip link; 3) focus patient search; 4) inspect placeholder-only fields","Programmatic labels visible focus skip path and announced errors/status","Unnamed sign-in controls; many placeholder-only fields; no skip link; search outline removed; no live-region strategy","Reproducible","IAB sign-in DOM and source/CSS review","Control purpose focus and results may be unclear","Adopt associated labels/errors skip link focus-visible and announced status components"
"QA-020","Several small-text color combinations fail WCAG AA contrast","Accessibility / UI","Medium","REQ-132","Design tokens; booking progress; rose labels","All roles","Affected small normal text","1) Read colors; 2) calculate contrast; 3) compare 4.5:1; 4) inspect uses","Normal text meets 4.5:1","Rose/ivory is 4.17:1; rose/#fff8f4 4.21:1; inactive/white 2.81:1","Reproducible","WCAG luminance calculation from app.css","Low-vision users may struggle with progress/context labels","Use verified AA semantic text tokens and contrast regression checks"
"QA-021","Potential Security Finding: password reset does not revoke active browser sessions","Security / Privacy","Medium","REQ-028; REQ-123","ResetPasswordController; database sessions","Patient / Staff","Active browser session and completed reset","1) Inspect reset callback; 2) note credential change; 3) note tokens deleted; 4) note sessions retained","Reset terminates all other sessions/tokens","API tokens are deleted but no browser database-session invalidation is implemented","Unable to Reproduce","ResetPasswordController lines 22-25; database session driver; two-session exploit test not performed","Compromised browser session may survive reset","Invalidate other sessions and provide audited device/session revocation"
"QA-022","Upload pipeline is not protected by a production-grade malware scanner","Security / Privacy","High","REQ-121; REQ-122","FileScanner binding; BasicFileScanner; document upload","Patient / Staff","Authenticated allowed-type upload","1) Inspect binding; 2) inspect scanner; 3) note 8 KB/four signatures; 4) review release note","Approved monitored malware analysis gates uploads","Default is a simple signature boundary, not malware analysis","Reproducible","BasicFileScanner; AppServiceProvider; MASTER_PLAN line 257","Malicious content can pass simplistic checks into sensitive storage","Quarantine and fail closed through approved scanner before release"
"QA-023","Audit logging omits required actions and consistent before/after values","Security / Data","Medium","REQ-124; REQ-125","AuditLog writers across domains","All roles","Perform important mutations","1) Inventory writers; 2) compare required events; 3) inspect metadata; 4) compare role operations","Complete actor/action/resource/time and before/after coverage","Uploads/downloads messages consultation actions and role changes have gaps; metadata inconsistent","Reproducible","Static AuditLog::create inventory","Incident/privacy/accountability investigations have blind spots","Define event catalogue and safe metadata schema; assert each mutation log"
"QA-024","Multiple asynchronous UI failures have no user-visible recovery path","UX / Functional","Medium","REQ-133; REQ-150","Portal staff calendar and CMS actions","Patient / Moderator / Admin / Power Admin","API validation authorization or network error","1) Inspect mutation handlers; 2) force/reason about rejection; 3) find catches; 4) find recovery/focus","Every failure explains and supports recovery","Many awaited mutations lack catch/onError and render no failure state","Reproducible","PortalPage; StaffCalendarPage; CMS source","Users can lose context or believe sensitive action succeeded","Shared mutation/error pattern with field errors retry focus and announcements"
"QA-025","Public routes use one static metadata set and lack canonical/social discovery metadata","Content / Performance","Medium","REQ-016","app.blade.php; public routes","Public","Multiple public routes","1) Load routes; 2) inspect title/description; 3) inspect canonical/OG; 4) inspect sitemap","Per-route metadata and sitemap","One title/description; no canonical/OG/sitemap","Reproducible","IAB multi-route DOM; app.blade.php; robots.txt","Poor search/social representation and amplified soft-404 risk","Add route/CMS metadata canonical/OG and published-page sitemap"
"QA-026","Frontend loads global data and all route modules eagerly","Performance","Low","REQ-148; REQ-149","App.tsx root/imports","All roles","Load any route","1) Inspect imports/queries; 2) inspect public requests; 3) inspect auth/staff bundle; 4) build","Routes load necessary code/data only","Synchronous imports; global public query; public me probe; JS 405.45 KB/124.93 KB gzip","Reproducible","App.tsx and production build output","Avoidable download execution and requests on mobile networks","Lazy-load route groups and scope queries; enforce performance budget"
"QA-027","Privacy, Terms and Accessibility footer labels are not links","UI / Content","Low","REQ-014; REQ-015","Global footer","Public / Patient","Any public Layout page","1) Scroll footer; 2) activate Privacy; 3) activate Terms/Accessibility; 4) inspect DOM","Labels link to complete approved pages","Plain text only","Reproducible","App.tsx Footer and IAB","Expected health-product policy information is not reachable","Create approved pages and real accessible links"
"QA-028","Appointment booking omits the required document attachment step","Functional / Privacy","Medium","REQ-039","/book; BookingPage; public appointment API","Public / Patient","Complete booking steps","1) Select service/method; 2) choose slot; 3) reach details; 4) inspect file control/API","Allowed document attaches securely to request","No file control and API accepts no attachment","Reproducible","IAB /book; BookingPage; controller validation","Required referral/report needs separate manual exchange","Design quarantined/scanned pre-registration attachment with ownership/retention"
"QA-029","Patients have no reschedule request workflow","Functional / UX","Medium","REQ-048; REQ-141","Web portal; self appointment APIs; mobile app","Patient","Eligible upcoming appointment","1) Open web appointment; 2) seek reschedule; 3) repeat native; 4) inspect self routes","Patient requests a new time subject to approval/availability","Only cancellation exists; staff alone can directly reschedule","Reproducible","Web/mobile routes and appointment screens","Patients must leave platform for time changes","Add reschedule-request lifecycle with eligible slots staff decision audit and notifications"
